item_id	split	lexicality	length	morphology	lichtheim_exposure_status
wfe_0000	train	real	7	complex	TRAINED_REAL_EXACT
wfe_0001	train	real	8	complex	TRAINED_REAL_EXACT
wfe_0004	train	real	9	complex	TRAINED_REAL_EXACT
wfe_0005	train	real	7	complex	TRAINED_REAL_EXACT
wfe_0006	train	real	7	complex	TRAINED_REAL_EXACT
wfe_0007	train	real	8	complex	TRAINED_REAL_EXACT
wfe_0008	train	real	8	complex	TRAINED_REAL_EXACT
wfe_0009	train	real	7	complex	TRAINED_REAL_EXACT
wfe_0011	train	real	9	complex	TRAINED_REAL_EXACT
wfe_0013	train	real	9	complex	TRAINED_REAL_EXACT
wfe_0014	train	real	7	complex	TRAINED_REAL_EXACT
wfe_0015	train	real	8	complex	TRAINED_REAL_EXACT
wfe_0016	train	real	7	complex	TRAINED_REAL_EXACT
wfe_0017	train	real	7	complex	TRAINED_REAL_EXACT
wfe_0018	train	real	7	complex	TRAINED_REAL_EXACT
wfe_0019	train	real	9	complex	TRAINED_REAL_EXACT
wfe_0020	train	real	7	complex	TRAINED_REAL_EXACT
wfe_0021	train	real	7	complex	TRAINED_REAL_EXACT
wfe_0022	train	real	8	complex	TRAINED_REAL_EXACT
wfe_0024	train	real	8	complex	TRAINED_REAL_EXACT
wfe_0025	train	real	7	complex	TRAINED_REAL_EXACT
wfe_0026	train	real	8	complex	TRAINED_REAL_EXACT
wfe_0027	train	real	7	complex	TRAINED_REAL_EXACT
wfe_0028	train	real	8	complex	TRAINED_REAL_EXACT
wfe_0029	train	real	9	complex	TRAINED_REAL_EXACT
wfe_0032	train	real	9	complex	TRAINED_REAL_EXACT
wfe_0033	train	real	7	complex	TRAINED_REAL_EXACT
wfe_0034	train	real	8	complex	TRAINED_REAL_EXACT
wfe_0035	train	real	9	complex	TRAINED_REAL_EXACT
wfe_0036	train	real	8	complex	TRAINED_REAL_EXACT
wfe_0037	train	real	7	complex	TRAINED_REAL_EXACT
wfe_0038	train	real	8	complex	TRAINED_REAL_EXACT
wfe_0040	train	real	7	complex	TRAINED_REAL_EXACT
wfe_0043	train	real	8	complex	TRAINED_REAL_EXACT
wfe_0044	train	real	7	complex	TRAINED_REAL_EXACT
wfe_0045	train	real	7	complex	TRAINED_REAL_EXACT
wfe_0046	train	real	9	complex	TRAINED_REAL_EXACT
wfe_0047	train	real	7	complex	TRAINED_REAL_EXACT
wfe_0048	train	real	7	complex	TRAINED_REAL_EXACT
wfe_0049	train	real	9	complex	TRAINED_REAL_EXACT
wfe_0050	train	real	8	complex	TRAINED_REAL_EXACT
wfe_0052	train	real	9	complex	TRAINED_REAL_EXACT
wfe_0053	train	real	8	complex	TRAINED_REAL_EXACT
wfe_0054	train	real	7	complex	TRAINED_REAL_EXACT
wfe_0055	train	real	8	complex	TRAINED_REAL_EXACT
wfe_0059	train	real	7	complex	TRAINED_REAL_EXACT
wfe_0060	train	real	9	complex	TRAINED_REAL_EXACT
wfe_0063	train	real	7	complex	TRAINED_REAL_EXACT
wfe_0064	train	real	9	complex	TRAINED_REAL_EXACT
wfe_0065	train	real	9	complex	TRAINED_REAL_EXACT
wfe_0067	train	real	7	complex	TRAINED_REAL_EXACT
wfe_0068	train	real	7	complex	TRAINED_REAL_EXACT
wfe_0071	train	real	9	complex	TRAINED_REAL_EXACT
wfe_0072	train	real	8	complex	TRAINED_REAL_EXACT
wfe_0074	train	real	9	complex	TRAINED_REAL_EXACT
wfe_0075	train	real	7	complex	TRAINED_REAL_EXACT
wfe_0076	train	real	7	complex	TRAINED_REAL_EXACT
wfe_0077	train	real	9	complex	TRAINED_REAL_EXACT
wfe_0078	train	real	7	complex	TRAINED_REAL_EXACT
wfe_0080	train	real	8	complex	TRAINED_REAL_EXACT
wfe_0083	train	real	9	complex	TRAINED_REAL_EXACT
wfe_0084	train	real	7	complex	TRAINED_REAL_EXACT
wfe_0085	train	real	7	complex	TRAINED_REAL_EXACT
wfe_0086	train	real	7	complex	TRAINED_REAL_EXACT
wfe_0088	train	real	9	complex	TRAINED_REAL_EXACT
wfe_0089	train	real	7	complex	TRAINED_REAL_EXACT
wfe_0091	train	real	8	complex	TRAINED_REAL_EXACT
wfe_0093	train	real	7	complex	TRAINED_REAL_EXACT
wfe_0094	train	real	7	complex	TRAINED_REAL_EXACT
wfe_0095	train	real	8	complex	TRAINED_REAL_EXACT
wfe_0096	train	real	9	complex	TRAINED_REAL_EXACT
wfe_0097	train	real	9	complex	TRAINED_REAL_EXACT
wfe_0098	train	real	8	complex	TRAINED_REAL_EXACT
wfe_0099	train	real	7	complex	TRAINED_REAL_EXACT
wfe_0105	train	real	7	complex	TRAINED_REAL_EXACT
wfe_0108	train	real	9	complex	TRAINED_REAL_EXACT
wfe_0109	train	real	9	complex	TRAINED_REAL_EXACT
wfe_0115	train	real	7	complex	TRAINED_REAL_EXACT
wfe_0116	train	real	9	complex	TRAINED_REAL_EXACT
wfe_0119	train	real	8	complex	TRAINED_REAL_EXACT
wfe_0120	train	real	7	complex	TRAINED_REAL_EXACT
wfe_0124	train	real	7	complex	TRAINED_REAL_EXACT
wfe_0126	train	real	9	complex	TRAINED_REAL_EXACT
wfe_0127	train	real	7	complex	TRAINED_REAL_EXACT
wfe_0128	train	real	7	complex	TRAINED_REAL_EXACT
wfe_0132	train	real	8	complex	TRAINED_REAL_EXACT
wfe_0135	train	real	9	complex	TRAINED_REAL_EXACT
wfe_0136	train	real	8	complex	TRAINED_REAL_EXACT
wfe_0137	train	real	8	complex	TRAINED_REAL_EXACT
wfe_0138	train	real	9	complex	TRAINED_REAL_EXACT
wfe_0139	train	real	7	complex	TRAINED_REAL_EXACT
wfe_0141	train	real	8	complex	TRAINED_REAL_EXACT
wfe_0142	train	real	8	complex	TRAINED_REAL_EXACT
wfe_0143	train	real	7	complex	TRAINED_REAL_EXACT
wfe_0149	train	real	7	complex	TRAINED_REAL_EXACT
wfe_0152	train	real	8	complex	TRAINED_REAL_EXACT
wfe_0153	train	real	9	complex	TRAINED_REAL_EXACT
wfe_0155	train	real	7	complex	TRAINED_REAL_EXACT
wfe_0156	train	real	9	complex	TRAINED_REAL_EXACT
wfe_0158	train	real	9	complex	TRAINED_REAL_EXACT
wfe_0160	train	real	8	complex	TRAINED_REAL_EXACT
wfe_0163	train	real	9	complex	TRAINED_REAL_EXACT
wfe_0166	train	real	8	complex	TRAINED_REAL_EXACT
wfe_0167	train	real	8	complex	TRAINED_REAL_EXACT
wfe_0169	train	real	8	complex	TRAINED_REAL_EXACT
wfe_0170	train	real	9	complex	TRAINED_REAL_EXACT
wfe_0173	train	real	9	complex	TRAINED_REAL_EXACT
wfe_0174	train	real	8	complex	TRAINED_REAL_EXACT
wfe_0177	train	real	9	complex	TRAINED_REAL_EXACT
wfe_0180	train	real	7	complex	TRAINED_REAL_EXACT
wfe_0181	train	real	7	complex	TRAINED_REAL_EXACT
wfe_0182	train	real	7	complex	TRAINED_REAL_EXACT
wfe_0184	train	real	8	complex	TRAINED_REAL_EXACT
wfe_0186	train	real	9	complex	TRAINED_REAL_EXACT
wfe_0189	train	real	7	complex	TRAINED_REAL_EXACT
wfe_0190	train	real	7	complex	TRAINED_REAL_EXACT
wfe_0192	train	real	9	complex	TRAINED_REAL_EXACT
wfe_0193	train	real	7	complex	TRAINED_REAL_EXACT
wfe_0195	train	real	8	complex	TRAINED_REAL_EXACT
wfe_0196	train	real	7	complex	TRAINED_REAL_EXACT
wfe_0198	train	real	7	complex	TRAINED_REAL_EXACT
wfe_0199	train	real	7	complex	TRAINED_REAL_EXACT
wfe_0200	train	real	7	simple	TRAINED_REAL_EXACT
wfe_0201	train	real	7	simple	TRAINED_REAL_EXACT
wfe_0202	train	real	7	simple	TRAINED_REAL_EXACT
wfe_0204	train	real	7	simple	TRAINED_REAL_EXACT
wfe_0205	train	real	8	simple	TRAINED_REAL_EXACT
wfe_0206	train	real	7	simple	TRAINED_REAL_EXACT
wfe_0207	train	real	8	simple	TRAINED_REAL_EXACT
wfe_0208	train	real	7	simple	TRAINED_REAL_EXACT
wfe_0209	train	real	8	simple	TRAINED_REAL_EXACT
wfe_0210	train	real	7	simple	TRAINED_REAL_EXACT
wfe_0211	train	real	8	simple	TRAINED_REAL_EXACT
wfe_0212	train	real	7	simple	TRAINED_REAL_EXACT
wfe_0214	train	real	7	simple	TRAINED_REAL_EXACT
wfe_0215	train	real	7	simple	TRAINED_REAL_EXACT
wfe_0216	train	real	9	simple	TRAINED_REAL_EXACT
wfe_0217	train	real	9	simple	TRAINED_REAL_EXACT
wfe_0218	train	real	7	simple	TRAINED_REAL_EXACT
wfe_0220	train	real	7	simple	TRAINED_REAL_EXACT
wfe_0221	train	real	8	simple	TRAINED_REAL_EXACT
wfe_0222	train	real	7	simple	TRAINED_REAL_EXACT
wfe_0224	train	real	7	simple	TRAINED_REAL_EXACT
wfe_0225	train	real	7	simple	TRAINED_REAL_EXACT
wfe_0226	train	real	7	simple	TRAINED_REAL_EXACT
wfe_0227	train	real	7	simple	TRAINED_REAL_EXACT
wfe_0228	train	real	7	simple	TRAINED_REAL_EXACT
wfe_0230	train	real	9	simple	TRAINED_REAL_EXACT
wfe_0231	train	real	7	simple	TRAINED_REAL_EXACT
wfe_0232	train	real	7	simple	TRAINED_REAL_EXACT
wfe_0233	train	real	7	simple	TRAINED_REAL_EXACT
wfe_0234	train	real	8	simple	TRAINED_REAL_EXACT
wfe_0235	train	real	9	simple	TRAINED_REAL_EXACT
wfe_0236	train	real	8	simple	TRAINED_REAL_EXACT
wfe_0238	train	real	8	simple	TRAINED_REAL_EXACT
wfe_0239	train	real	7	simple	TRAINED_REAL_EXACT
wfe_0240	train	real	7	simple	TRAINED_REAL_EXACT
wfe_0241	train	real	7	simple	TRAINED_REAL_EXACT
wfe_0242	train	real	7	simple	TRAINED_REAL_EXACT
wfe_0245	train	real	7	simple	TRAINED_REAL_EXACT
wfe_0246	train	real	8	simple	TRAINED_REAL_EXACT
wfe_0247	train	real	8	simple	TRAINED_REAL_EXACT
wfe_0248	train	real	7	simple	TRAINED_REAL_EXACT
wfe_0249	train	real	7	simple	TRAINED_REAL_EXACT
wfe_0250	train	real	7	simple	TRAINED_REAL_EXACT
wfe_0251	train	real	7	simple	TRAINED_REAL_EXACT
wfe_0252	train	real	8	simple	TRAINED_REAL_EXACT
wfe_0254	train	real	7	simple	TRAINED_REAL_EXACT
wfe_0256	train	real	7	simple	TRAINED_REAL_EXACT
wfe_0257	train	real	7	simple	TRAINED_REAL_EXACT
wfe_0260	train	real	7	simple	TRAINED_REAL_EXACT
wfe_0262	train	real	7	simple	TRAINED_REAL_EXACT
wfe_0263	train	real	7	simple	TRAINED_REAL_EXACT
wfe_0265	train	real	7	simple	TRAINED_REAL_EXACT
wfe_0266	train	real	7	simple	TRAINED_REAL_EXACT
wfe_0267	train	real	8	simple	TRAINED_REAL_EXACT
wfe_0268	train	real	7	simple	TRAINED_REAL_EXACT
wfe_0269	train	real	7	simple	TRAINED_REAL_EXACT
wfe_0270	train	real	7	simple	TRAINED_REAL_EXACT
wfe_0271	train	real	7	simple	TRAINED_REAL_EXACT
wfe_0272	train	real	7	simple	TRAINED_REAL_EXACT
wfe_0273	train	real	7	simple	TRAINED_REAL_EXACT
wfe_0274	train	real	7	simple	TRAINED_REAL_EXACT
wfe_0275	train	real	8	simple	TRAINED_REAL_EXACT
wfe_0276	train	real	7	simple	TRAINED_REAL_EXACT
wfe_0278	train	real	8	simple	TRAINED_REAL_EXACT
wfe_0279	train	real	8	simple	TRAINED_REAL_EXACT
wfe_0280	train	real	7	simple	TRAINED_REAL_EXACT
wfe_0281	train	real	9	simple	TRAINED_REAL_EXACT
wfe_0282	train	real	7	simple	TRAINED_REAL_EXACT
wfe_0284	train	real	7	simple	TRAINED_REAL_EXACT
wfe_0286	train	real	7	simple	TRAINED_REAL_EXACT
wfe_0287	train	real	9	simple	TRAINED_REAL_EXACT
wfe_0288	train	real	7	simple	TRAINED_REAL_EXACT
wfe_0289	train	real	9	simple	TRAINED_REAL_EXACT
wfe_0290	train	real	7	simple	TRAINED_REAL_EXACT
wfe_0292	train	real	7	simple	TRAINED_REAL_EXACT
wfe_0293	train	real	9	simple	TRAINED_REAL_EXACT
wfe_0296	train	real	8	simple	TRAINED_REAL_EXACT
wfe_0297	train	real	7	simple	TRAINED_REAL_EXACT
wfe_0298	train	real	7	simple	TRAINED_REAL_EXACT
wfe_0299	train	real	7	simple	TRAINED_REAL_EXACT
wfe_0300	train	real	7	simple	TRAINED_REAL_EXACT
wfe_0302	train	real	8	simple	TRAINED_REAL_EXACT
wfe_0304	train	real	7	simple	TRAINED_REAL_EXACT
wfe_0305	train	real	7	simple	TRAINED_REAL_EXACT
wfe_0307	train	real	8	simple	TRAINED_REAL_EXACT
wfe_0308	train	real	7	simple	TRAINED_REAL_EXACT
wfe_0309	train	real	7	simple	TRAINED_REAL_EXACT
wfe_0313	train	real	7	simple	TRAINED_REAL_EXACT
wfe_0314	train	real	7	simple	TRAINED_REAL_EXACT
wfe_0315	train	real	9	simple	TRAINED_REAL_EXACT
wfe_0316	train	real	7	simple	TRAINED_REAL_EXACT
wfe_0318	train	real	8	simple	TRAINED_REAL_EXACT
wfe_0319	train	real	7	simple	TRAINED_REAL_EXACT
wfe_0320	train	real	8	simple	TRAINED_REAL_EXACT
wfe_0321	train	real	7	simple	TRAINED_REAL_EXACT
wfe_0322	train	real	8	simple	TRAINED_REAL_EXACT
wfe_0323	train	real	7	simple	TRAINED_REAL_EXACT
wfe_0324	train	real	7	simple	TRAINED_REAL_EXACT
wfe_0326	train	real	7	simple	TRAINED_REAL_EXACT
wfe_0330	train	real	7	simple	TRAINED_REAL_EXACT
wfe_0332	train	real	8	simple	TRAINED_REAL_EXACT
wfe_0334	train	real	9	simple	TRAINED_REAL_EXACT
wfe_0335	train	real	8	simple	TRAINED_REAL_EXACT
wfe_0337	train	real	8	simple	TRAINED_REAL_EXACT
wfe_0338	train	real	7	simple	TRAINED_REAL_EXACT
wfe_0339	train	real	8	simple	TRAINED_REAL_EXACT
wfe_0340	train	real	7	simple	TRAINED_REAL_EXACT
wfe_0342	train	real	7	simple	TRAINED_REAL_EXACT
wfe_0344	train	real	9	simple	TRAINED_REAL_EXACT
wfe_0345	train	real	8	simple	TRAINED_REAL_EXACT
wfe_0349	train	real	7	simple	TRAINED_REAL_EXACT
wfe_0351	train	real	8	simple	TRAINED_REAL_EXACT
wfe_0353	train	real	7	simple	TRAINED_REAL_EXACT
wfe_0356	train	real	7	simple	TRAINED_REAL_EXACT
wfe_0361	train	real	7	simple	TRAINED_REAL_EXACT
wfe_0362	train	real	7	simple	TRAINED_REAL_EXACT
wfe_0364	train	real	7	simple	TRAINED_REAL_EXACT
wfe_0366	train	real	9	simple	TRAINED_REAL_EXACT
wfe_0367	train	real	7	simple	TRAINED_REAL_EXACT
wfe_0368	train	real	8	simple	TRAINED_REAL_EXACT
wfe_0371	train	real	8	simple	TRAINED_REAL_EXACT
wfe_0372	train	real	7	simple	TRAINED_REAL_EXACT
wfe_0375	train	real	7	simple	TRAINED_REAL_EXACT
wfe_0376	train	real	8	simple	TRAINED_REAL_EXACT
wfe_0377	train	real	8	simple	TRAINED_REAL_EXACT
wfe_0380	train	real	9	simple	TRAINED_REAL_EXACT
wfe_0381	train	real	7	simple	TRAINED_REAL_EXACT
wfe_0383	train	real	7	simple	TRAINED_REAL_EXACT
wfe_0384	train	real	7	simple	TRAINED_REAL_EXACT
wfe_0385	train	real	9	simple	TRAINED_REAL_EXACT
wfe_0386	train	real	7	simple	TRAINED_REAL_EXACT
wfe_0388	train	real	7	simple	TRAINED_REAL_EXACT
wfe_0391	train	real	7	simple	TRAINED_REAL_EXACT
wfe_0394	train	real	7	simple	TRAINED_REAL_EXACT
wfe_0395	train	real	7	simple	TRAINED_REAL_EXACT
wfe_0396	train	real	8	simple	TRAINED_REAL_EXACT
wfe_0399	train	real	9	simple	TRAINED_REAL_EXACT
wfe_0400	train	real	5	complex	TRAINED_REAL_EXACT
wfe_0401	train	real	5	complex	TRAINED_REAL_EXACT
wfe_0402	train	real	5	complex	TRAINED_REAL_EXACT
wfe_0405	train	real	5	complex	TRAINED_REAL_EXACT
wfe_0407	train	real	5	complex	TRAINED_REAL_EXACT
wfe_0408	train	real	3	complex	TRAINED_REAL_EXACT
wfe_0409	train	real	5	complex	TRAINED_REAL_EXACT
wfe_0410	train	real	5	complex	TRAINED_REAL_EXACT
wfe_0413	train	real	5	complex	TRAINED_REAL_EXACT
wfe_0415	train	real	5	complex	TRAINED_REAL_EXACT
wfe_0417	train	real	5	complex	TRAINED_REAL_EXACT
wfe_0418	train	real	5	complex	TRAINED_REAL_EXACT
wfe_0419	train	real	4	complex	TRAINED_REAL_EXACT
wfe_0420	train	real	5	complex	TRAINED_REAL_EXACT
wfe_0421	train	real	4	complex	TRAINED_REAL_EXACT
wfe_0423	train	real	5	complex	TRAINED_REAL_EXACT
wfe_0425	train	real	4	complex	TRAINED_REAL_EXACT
wfe_0426	train	real	4	complex	TRAINED_REAL_EXACT
wfe_0429	train	real	5	complex	TRAINED_REAL_EXACT
wfe_0430	train	real	5	complex	TRAINED_REAL_EXACT
wfe_0432	train	real	3	complex	TRAINED_REAL_EXACT
wfe_0435	train	real	5	complex	TRAINED_REAL_EXACT
wfe_0436	train	real	4	complex	TRAINED_REAL_EXACT
wfe_0438	train	real	5	complex	TRAINED_REAL_EXACT
wfe_0439	train	real	4	complex	TRAINED_REAL_EXACT
wfe_0441	train	real	4	complex	TRAINED_REAL_EXACT
wfe_0442	train	real	5	complex	TRAINED_REAL_EXACT
wfe_0443	train	real	5	complex	TRAINED_REAL_EXACT
wfe_0445	train	real	5	complex	TRAINED_REAL_EXACT
wfe_0446	train	real	5	complex	TRAINED_REAL_EXACT
wfe_0447	train	real	5	complex	TRAINED_REAL_EXACT
wfe_0448	train	real	5	complex	TRAINED_REAL_EXACT
wfe_0450	train	real	5	complex	TRAINED_REAL_EXACT
wfe_0451	train	real	5	complex	TRAINED_REAL_EXACT
wfe_0453	train	real	5	complex	TRAINED_REAL_EXACT
wfe_0454	train	real	4	complex	TRAINED_REAL_EXACT
wfe_0455	train	real	5	complex	TRAINED_REAL_EXACT
wfe_0457	train	real	5	complex	TRAINED_REAL_EXACT
wfe_0458	train	real	4	complex	TRAINED_REAL_EXACT
wfe_0459	train	real	5	complex	TRAINED_REAL_EXACT
wfe_0460	train	real	5	complex	TRAINED_REAL_EXACT
wfe_0461	train	real	5	complex	TRAINED_REAL_EXACT
wfe_0462	train	real	4	complex	TRAINED_REAL_EXACT
wfe_0463	train	real	5	complex	TRAINED_REAL_EXACT
wfe_0464	train	real	3	complex	TRAINED_REAL_EXACT
wfe_0465	train	real	3	complex	TRAINED_REAL_EXACT
wfe_0466	train	real	5	complex	TRAINED_REAL_EXACT
wfe_0468	train	real	5	complex	TRAINED_REAL_EXACT
wfe_0469	train	real	5	complex	TRAINED_REAL_EXACT
wfe_0470	train	real	5	complex	TRAINED_REAL_EXACT
wfe_0471	train	real	5	complex	TRAINED_REAL_EXACT
wfe_0472	train	real	5	complex	TRAINED_REAL_EXACT
wfe_0473	train	real	5	complex	TRAINED_REAL_EXACT
wfe_0474	train	real	4	complex	TRAINED_REAL_EXACT
wfe_0475	train	real	5	complex	TRAINED_REAL_EXACT
wfe_0476	train	real	5	complex	TRAINED_REAL_EXACT
wfe_0477	train	real	5	complex	TRAINED_REAL_EXACT
wfe_0480	train	real	5	complex	TRAINED_REAL_EXACT
wfe_0481	train	real	5	complex	TRAINED_REAL_EXACT
wfe_0482	train	real	5	complex	TRAINED_REAL_EXACT
wfe_0483	train	real	5	complex	TRAINED_REAL_EXACT
wfe_0484	train	real	5	complex	TRAINED_REAL_EXACT
wfe_0486	train	real	5	complex	TRAINED_REAL_EXACT
wfe_0488	train	real	4	complex	TRAINED_REAL_EXACT
wfe_0489	train	real	5	complex	TRAINED_REAL_EXACT
wfe_0490	train	real	4	complex	TRAINED_REAL_EXACT
wfe_0491	train	real	5	complex	TRAINED_REAL_EXACT
wfe_0492	train	real	5	complex	TRAINED_REAL_EXACT
wfe_0495	train	real	5	complex	TRAINED_REAL_EXACT
wfe_0497	train	real	5	complex	TRAINED_REAL_EXACT
wfe_0498	train	real	4	complex	TRAINED_REAL_EXACT
wfe_0499	train	real	5	complex	TRAINED_REAL_EXACT
wfe_0500	train	real	5	complex	TRAINED_REAL_EXACT
wfe_0501	train	real	3	complex	TRAINED_REAL_EXACT
wfe_0502	train	real	4	complex	TRAINED_REAL_EXACT
wfe_0504	train	real	3	complex	TRAINED_REAL_EXACT
wfe_0505	train	real	4	complex	TRAINED_REAL_EXACT
wfe_0507	train	real	5	complex	TRAINED_REAL_EXACT
wfe_0508	train	real	3	complex	TRAINED_REAL_EXACT
wfe_0513	train	real	3	complex	TRAINED_REAL_EXACT
wfe_0514	train	real	5	complex	TRAINED_REAL_EXACT
wfe_0515	train	real	5	complex	TRAINED_REAL_EXACT
wfe_0517	train	real	5	complex	TRAINED_REAL_EXACT
wfe_0518	train	real	5	complex	TRAINED_REAL_EXACT
wfe_0521	train	real	5	complex	TRAINED_REAL_EXACT
wfe_0522	train	real	5	complex	TRAINED_REAL_EXACT
wfe_0523	train	real	4	complex	TRAINED_REAL_EXACT
wfe_0525	train	real	4	complex	TRAINED_REAL_EXACT
wfe_0528	train	real	4	complex	TRAINED_REAL_EXACT
wfe_0530	train	real	4	complex	TRAINED_REAL_EXACT
wfe_0532	train	real	5	complex	TRAINED_REAL_EXACT
wfe_0535	train	real	5	complex	TRAINED_REAL_EXACT
wfe_0536	train	real	4	complex	TRAINED_REAL_EXACT
wfe_0537	train	real	3	complex	TRAINED_REAL_EXACT
wfe_0539	train	real	5	complex	TRAINED_REAL_EXACT
wfe_0541	train	real	4	complex	TRAINED_REAL_EXACT
wfe_0542	train	real	5	complex	TRAINED_REAL_EXACT
wfe_0545	train	real	5	complex	TRAINED_REAL_EXACT
wfe_0546	train	real	5	complex	TRAINED_REAL_EXACT
wfe_0548	train	real	5	complex	TRAINED_REAL_EXACT
wfe_0550	train	real	5	complex	TRAINED_REAL_EXACT
wfe_0553	train	real	5	complex	TRAINED_REAL_EXACT
wfe_0556	train	real	5	complex	TRAINED_REAL_EXACT
wfe_0559	train	real	3	complex	TRAINED_REAL_EXACT
wfe_0561	train	real	4	complex	TRAINED_REAL_EXACT
wfe_0562	train	real	4	complex	TRAINED_REAL_EXACT
wfe_0563	train	real	5	complex	TRAINED_REAL_EXACT
wfe_0564	train	real	5	complex	TRAINED_REAL_EXACT
wfe_0570	train	real	4	complex	TRAINED_REAL_EXACT
wfe_0574	train	real	5	complex	TRAINED_REAL_EXACT
wfe_0576	train	real	5	complex	TRAINED_REAL_EXACT
wfe_0578	train	real	5	complex	TRAINED_REAL_EXACT
wfe_0579	train	real	5	complex	TRAINED_REAL_EXACT
wfe_0580	train	real	5	complex	TRAINED_REAL_EXACT
wfe_0582	train	real	5	complex	TRAINED_REAL_EXACT
wfe_0583	train	real	4	complex	TRAINED_REAL_EXACT
wfe_0587	train	real	5	complex	TRAINED_REAL_EXACT
wfe_0588	train	real	3	complex	TRAINED_REAL_EXACT
wfe_0589	train	real	4	complex	TRAINED_REAL_EXACT
wfe_0598	train	real	5	complex	TRAINED_REAL_EXACT
wfe_0600	train	real	4	simple	TRAINED_REAL_EXACT
wfe_0602	train	real	3	simple	TRAINED_REAL_EXACT
wfe_0604	train	real	3	simple	TRAINED_REAL_EXACT
wfe_0605	train	real	3	simple	TRAINED_REAL_EXACT
wfe_0608	train	real	5	simple	TRAINED_REAL_EXACT
wfe_0609	train	real	4	simple	TRAINED_REAL_EXACT
wfe_0610	train	real	4	simple	TRAINED_REAL_EXACT
wfe_0611	train	real	3	simple	TRAINED_REAL_EXACT
wfe_0612	train	real	3	simple	TRAINED_REAL_EXACT
wfe_0613	train	real	3	simple	TRAINED_REAL_EXACT
wfe_0614	train	real	3	simple	TRAINED_REAL_EXACT
wfe_0615	train	real	5	simple	TRAINED_REAL_EXACT
wfe_0616	train	real	4	simple	TRAINED_REAL_EXACT
wfe_0617	train	real	3	simple	TRAINED_REAL_EXACT
wfe_0618	train	real	4	simple	TRAINED_REAL_EXACT
wfe_0619	train	real	3	simple	TRAINED_REAL_EXACT
wfe_0620	train	real	4	simple	TRAINED_REAL_EXACT
wfe_0621	train	real	4	simple	TRAINED_REAL_EXACT
wfe_0622	train	real	3	simple	TRAINED_REAL_EXACT
wfe_0623	train	real	3	simple	TRAINED_REAL_EXACT
wfe_0624	train	real	4	simple	TRAINED_REAL_EXACT
wfe_0625	train	real	4	simple	TRAINED_REAL_EXACT
wfe_0626	train	real	3	simple	TRAINED_REAL_EXACT
wfe_0627	train	real	3	simple	TRAINED_REAL_EXACT
wfe_0628	train	real	4	simple	TRAINED_REAL_EXACT
wfe_0629	train	real	4	simple	TRAINED_REAL_EXACT
wfe_0630	train	real	4	simple	TRAINED_REAL_EXACT
wfe_0631	train	real	3	simple	TRAINED_REAL_EXACT
wfe_0632	train	real	3	simple	TRAINED_REAL_EXACT
wfe_0633	train	real	3	simple	TRAINED_REAL_EXACT
wfe_0634	train	real	3	simple	TRAINED_REAL_EXACT
wfe_0636	train	real	4	simple	TRAINED_REAL_EXACT
wfe_0637	train	real	4	simple	TRAINED_REAL_EXACT
wfe_0638	train	real	3	simple	TRAINED_REAL_EXACT
wfe_0640	train	real	3	simple	TRAINED_REAL_EXACT
wfe_0641	train	real	3	simple	TRAINED_REAL_EXACT
wfe_0642	train	real	3	simple	TRAINED_REAL_EXACT
wfe_0643	train	real	3	simple	TRAINED_REAL_EXACT
wfe_0645	train	real	4	simple	TRAINED_REAL_EXACT
wfe_0646	train	real	4	simple	TRAINED_REAL_EXACT
wfe_0648	train	real	3	simple	TRAINED_REAL_EXACT
wfe_0649	train	real	4	simple	TRAINED_REAL_EXACT
wfe_0650	train	real	3	simple	TRAINED_REAL_EXACT
wfe_0651	train	real	4	simple	TRAINED_REAL_EXACT
wfe_0652	train	real	4	simple	TRAINED_REAL_EXACT
wfe_0653	train	real	3	simple	TRAINED_REAL_EXACT
wfe_0655	train	real	4	simple	TRAINED_REAL_EXACT
wfe_0656	train	real	3	simple	TRAINED_REAL_EXACT
wfe_0658	train	real	3	simple	TRAINED_REAL_EXACT
wfe_0659	train	real	3	simple	TRAINED_REAL_EXACT
wfe_0660	train	real	4	simple	TRAINED_REAL_EXACT
wfe_0661	train	real	3	simple	TRAINED_REAL_EXACT
wfe_0663	train	real	3	simple	TRAINED_REAL_EXACT
wfe_0664	train	real	3	simple	TRAINED_REAL_EXACT
wfe_0665	train	real	3	simple	TRAINED_REAL_EXACT
wfe_0666	train	real	4	simple	TRAINED_REAL_EXACT
wfe_0667	train	real	3	simple	TRAINED_REAL_EXACT
wfe_0668	train	real	4	simple	TRAINED_REAL_EXACT
wfe_0669	train	real	5	simple	TRAINED_REAL_EXACT
wfe_0670	train	real	3	simple	TRAINED_REAL_EXACT
wfe_0671	train	real	4	simple	TRAINED_REAL_EXACT
wfe_0672	train	real	5	simple	TRAINED_REAL_EXACT
wfe_0673	train	real	3	simple	TRAINED_REAL_EXACT
wfe_0674	train	real	3	simple	TRAINED_REAL_EXACT
wfe_0675	train	real	3	simple	TRAINED_REAL_EXACT
wfe_0676	train	real	3	simple	TRAINED_REAL_EXACT
wfe_0677	train	real	3	simple	TRAINED_REAL_EXACT
wfe_0678	train	real	4	simple	TRAINED_REAL_EXACT
wfe_0680	train	real	3	simple	TRAINED_REAL_EXACT
wfe_0681	train	real	3	simple	TRAINED_REAL_EXACT
wfe_0682	train	real	3	simple	TRAINED_REAL_EXACT
wfe_0683	train	real	3	simple	TRAINED_REAL_EXACT
wfe_0684	train	real	3	simple	TRAINED_REAL_EXACT
wfe_0685	train	real	4	simple	TRAINED_REAL_EXACT
wfe_0686	train	real	3	simple	TRAINED_REAL_EXACT
wfe_0687	train	real	4	simple	TRAINED_REAL_EXACT
wfe_0688	train	real	3	simple	TRAINED_REAL_EXACT
wfe_0690	train	real	3	simple	TRAINED_REAL_EXACT
wfe_0691	train	real	5	simple	TRAINED_REAL_EXACT
wfe_0692	train	real	3	simple	TRAINED_REAL_EXACT
wfe_0693	train	real	4	simple	TRAINED_REAL_EXACT
wfe_0694	train	real	3	simple	TRAINED_REAL_EXACT
wfe_0695	train	real	4	simple	TRAINED_REAL_EXACT
wfe_0697	train	real	3	simple	TRAINED_REAL_EXACT
wfe_0698	train	real	3	simple	TRAINED_REAL_EXACT
wfe_0699	train	real	4	simple	TRAINED_REAL_EXACT
wfe_0700	train	real	5	simple	TRAINED_REAL_EXACT
wfe_0701	train	real	4	simple	TRAINED_REAL_EXACT
wfe_0702	train	real	5	simple	TRAINED_REAL_EXACT
wfe_0704	train	real	5	simple	TRAINED_REAL_EXACT
wfe_0705	train	real	5	simple	TRAINED_REAL_EXACT
wfe_0706	train	real	3	simple	TRAINED_REAL_EXACT
wfe_0707	train	real	4	simple	TRAINED_REAL_EXACT
wfe_0712	train	real	4	simple	TRAINED_REAL_EXACT
wfe_0713	train	real	5	simple	TRAINED_REAL_EXACT
wfe_0714	train	real	4	simple	TRAINED_REAL_EXACT
wfe_0715	train	real	4	simple	TRAINED_REAL_EXACT
wfe_0718	train	real	3	simple	TRAINED_REAL_EXACT
wfe_0719	train	real	4	simple	TRAINED_REAL_EXACT
wfe_0721	train	real	5	simple	TRAINED_REAL_EXACT
wfe_0722	train	real	3	simple	TRAINED_REAL_EXACT
wfe_0723	train	real	3	simple	TRAINED_REAL_EXACT
wfe_0724	train	real	3	simple	TRAINED_REAL_EXACT
wfe_0725	train	real	5	simple	TRAINED_REAL_EXACT
wfe_0726	train	real	5	simple	TRAINED_REAL_EXACT
wfe_0728	train	real	3	simple	TRAINED_REAL_EXACT
wfe_0729	train	real	5	simple	TRAINED_REAL_EXACT
wfe_0730	train	real	5	simple	TRAINED_REAL_EXACT
wfe_0731	train	real	5	simple	TRAINED_REAL_EXACT
wfe_0732	train	real	5	simple	TRAINED_REAL_EXACT
wfe_0733	train	real	4	simple	TRAINED_REAL_EXACT
wfe_0735	train	real	5	simple	TRAINED_REAL_EXACT
wfe_0736	train	real	5	simple	TRAINED_REAL_EXACT
wfe_0737	train	real	4	simple	TRAINED_REAL_EXACT
wfe_0738	train	real	3	simple	TRAINED_REAL_EXACT
wfe_0740	train	real	4	simple	TRAINED_REAL_EXACT
wfe_0741	train	real	5	simple	TRAINED_REAL_EXACT
wfe_0742	train	real	5	simple	TRAINED_REAL_EXACT
wfe_0743	train	real	5	simple	TRAINED_REAL_EXACT
wfe_0744	train	real	4	simple	TRAINED_REAL_EXACT
wfe_0747	train	real	5	simple	TRAINED_REAL_EXACT
wfe_0748	train	real	5	simple	TRAINED_REAL_EXACT
wfe_0749	train	real	3	simple	TRAINED_REAL_EXACT
wfe_0750	train	real	4	simple	TRAINED_REAL_EXACT
wfe_0752	train	real	4	simple	TRAINED_REAL_EXACT
wfe_0757	train	real	4	simple	TRAINED_REAL_EXACT
wfe_0758	train	real	5	simple	TRAINED_REAL_EXACT
wfe_0759	train	real	4	simple	TRAINED_REAL_EXACT
wfe_0761	train	real	4	simple	TRAINED_REAL_EXACT
wfe_0762	train	real	4	simple	TRAINED_REAL_EXACT
wfe_0763	train	real	4	simple	TRAINED_REAL_EXACT
wfe_0764	train	real	3	simple	TRAINED_REAL_EXACT
wfe_0765	train	real	4	simple	TRAINED_REAL_EXACT
wfe_0766	train	real	3	simple	TRAINED_REAL_EXACT
wfe_0768	train	real	4	simple	TRAINED_REAL_EXACT
wfe_0769	train	real	5	simple	TRAINED_REAL_EXACT
wfe_0772	train	real	4	simple	TRAINED_REAL_EXACT
wfe_0773	train	real	5	simple	TRAINED_REAL_EXACT
wfe_0774	train	real	5	simple	TRAINED_REAL_EXACT
wfe_0775	train	real	5	simple	TRAINED_REAL_EXACT
wfe_0776	train	real	4	simple	TRAINED_REAL_EXACT
wfe_0779	train	real	5	simple	TRAINED_REAL_EXACT
wfe_0780	train	real	3	simple	TRAINED_REAL_EXACT
wfe_0782	train	real	5	simple	TRAINED_REAL_EXACT
wfe_0783	train	real	4	simple	TRAINED_REAL_EXACT
wfe_0784	train	real	3	simple	TRAINED_REAL_EXACT
wfe_0785	train	real	5	simple	TRAINED_REAL_EXACT
wfe_0786	train	real	4	simple	TRAINED_REAL_EXACT
wfe_0787	train	real	3	simple	TRAINED_REAL_EXACT
wfe_0788	train	real	4	simple	TRAINED_REAL_EXACT
wfe_0789	train	real	4	simple	TRAINED_REAL_EXACT
wfe_0792	train	real	4	simple	TRAINED_REAL_EXACT
wfe_0793	train	real	4	simple	TRAINED_REAL_EXACT
wfe_0794	train	real	4	simple	TRAINED_REAL_EXACT
wfe_0796	train	real	3	simple	TRAINED_REAL_EXACT
wfe_0797	train	real	3	simple	TRAINED_REAL_EXACT
wfe_0798	train	real	3	simple	TRAINED_REAL_EXACT
wfe_0799	train	real	3	simple	TRAINED_REAL_EXACT
wfe_0800	train	pseudo	9	simple	NOVEL_PSEUDOWORD
wfe_0801	train	pseudo	9	simple	NOVEL_PSEUDOWORD
wfe_0802	train	pseudo	9	simple	NOVEL_PSEUDOWORD
wfe_0803	train	pseudo	9	simple	NOVEL_PSEUDOWORD
wfe_0805	train	pseudo	9	simple	NOVEL_PSEUDOWORD
wfe_0806	train	pseudo	9	simple	NOVEL_PSEUDOWORD
wfe_0807	train	pseudo	9	simple	NOVEL_PSEUDOWORD
wfe_0808	train	pseudo	9	simple	NOVEL_PSEUDOWORD
wfe_0809	train	pseudo	9	simple	NOVEL_PSEUDOWORD
wfe_0810	train	pseudo	9	simple	NOVEL_PSEUDOWORD
wfe_0811	train	pseudo	9	simple	NOVEL_PSEUDOWORD
wfe_0812	train	pseudo	9	simple	NOVEL_PSEUDOWORD
wfe_0813	train	pseudo	9	simple	NOVEL_PSEUDOWORD
wfe_0815	train	pseudo	9	simple	NOVEL_PSEUDOWORD
wfe_0816	train	pseudo	9	simple	NOVEL_PSEUDOWORD
wfe_0818	train	pseudo	9	simple	NOVEL_PSEUDOWORD
wfe_0819	train	pseudo	9	simple	NOVEL_PSEUDOWORD
wfe_0820	train	pseudo	9	simple	NOVEL_PSEUDOWORD
wfe_0821	train	pseudo	9	simple	NOVEL_PSEUDOWORD
wfe_0822	train	pseudo	9	simple	NOVEL_PSEUDOWORD
wfe_0823	train	pseudo	9	simple	NOVEL_PSEUDOWORD
wfe_0824	train	pseudo	9	simple	NOVEL_PSEUDOWORD
wfe_0825	train	pseudo	9	simple	NOVEL_PSEUDOWORD
wfe_0826	train	pseudo	9	simple	NOVEL_PSEUDOWORD
wfe_0827	train	pseudo	9	simple	NOVEL_PSEUDOWORD
wfe_0828	train	pseudo	9	simple	NOVEL_PSEUDOWORD
wfe_0829	train	pseudo	9	simple	NOVEL_PSEUDOWORD
wfe_0830	train	pseudo	9	simple	NOVEL_PSEUDOWORD
wfe_0831	train	pseudo	9	simple	NOVEL_PSEUDOWORD
wfe_0832	train	pseudo	9	simple	NOVEL_PSEUDOWORD
wfe_0833	train	pseudo	3	complex	NOVEL_PSEUDOWORD
wfe_0834	train	pseudo	3	complex	NOVEL_PSEUDOWORD
wfe_0836	train	pseudo	3	complex	NOVEL_PSEUDOWORD
wfe_0838	train	pseudo	3	complex	NOVEL_PSEUDOWORD
wfe_0840	train	pseudo	3	complex	NOVEL_PSEUDOWORD
wfe_0841	train	pseudo	3	complex	NOVEL_PSEUDOWORD
wfe_0845	train	pseudo	3	complex	NOVEL_PSEUDOWORD
wfe_0846	train	pseudo	3	complex	NOVEL_PSEUDOWORD
wfe_0850	train	pseudo	3	complex	NOVEL_PSEUDOWORD
wfe_0851	train	pseudo	3	complex	NOVEL_PSEUDOWORD
wfe_0853	train	pseudo	3	complex	NOVEL_PSEUDOWORD
wfe_0854	train	pseudo	4	complex	NOVEL_PSEUDOWORD
wfe_0855	train	pseudo	4	complex	NOVEL_PSEUDOWORD
wfe_0856	train	pseudo	4	complex	NOVEL_PSEUDOWORD
wfe_0857	train	pseudo	4	complex	NOVEL_PSEUDOWORD
wfe_0858	train	pseudo	4	complex	NOVEL_PSEUDOWORD
wfe_0860	train	pseudo	4	complex	NOVEL_PSEUDOWORD
wfe_0861	train	pseudo	4	complex	NOVEL_PSEUDOWORD
wfe_0863	train	pseudo	4	complex	NOVEL_PSEUDOWORD
wfe_0864	train	pseudo	4	complex	NOVEL_PSEUDOWORD
wfe_0865	train	pseudo	4	complex	NOVEL_PSEUDOWORD
wfe_0866	train	pseudo	4	complex	NOVEL_PSEUDOWORD
wfe_0867	train	pseudo	4	complex	NOVEL_PSEUDOWORD
wfe_0868	train	pseudo	4	complex	NOVEL_PSEUDOWORD
wfe_0869	train	pseudo	4	complex	NOVEL_PSEUDOWORD
wfe_0870	train	pseudo	4	complex	NOVEL_PSEUDOWORD
wfe_0872	train	pseudo	4	complex	NOVEL_PSEUDOWORD
wfe_0873	train	pseudo	4	complex	NOVEL_PSEUDOWORD
wfe_0874	train	pseudo	4	complex	NOVEL_PSEUDOWORD
wfe_0875	train	pseudo	4	complex	NOVEL_PSEUDOWORD
wfe_0877	train	pseudo	4	complex	NOVEL_PSEUDOWORD
wfe_0879	train	pseudo	4	complex	NOVEL_PSEUDOWORD
wfe_0880	train	pseudo	4	complex	NOVEL_PSEUDOWORD
wfe_0881	train	pseudo	4	complex	NOVEL_PSEUDOWORD
wfe_0882	train	pseudo	4	complex	NOVEL_PSEUDOWORD
wfe_0883	train	pseudo	4	complex	NOVEL_PSEUDOWORD
wfe_0884	train	pseudo	4	complex	NOVEL_PSEUDOWORD
wfe_0885	train	pseudo	4	complex	NOVEL_PSEUDOWORD
wfe_0886	train	pseudo	4	complex	NOVEL_PSEUDOWORD
wfe_0887	train	pseudo	4	complex	NOVEL_PSEUDOWORD
wfe_0888	train	pseudo	4	complex	NOVEL_PSEUDOWORD
wfe_0891	train	pseudo	4	complex	NOVEL_PSEUDOWORD
wfe_0892	train	pseudo	4	complex	NOVEL_PSEUDOWORD
wfe_0893	train	pseudo	4	complex	NOVEL_PSEUDOWORD
wfe_0894	train	pseudo	4	complex	NOVEL_PSEUDOWORD
wfe_0895	train	pseudo	4	complex	NOVEL_PSEUDOWORD
wfe_0898	train	pseudo	4	complex	NOVEL_PSEUDOWORD
wfe_0899	train	pseudo	4	complex	NOVEL_PSEUDOWORD
wfe_0900	train	pseudo	5	complex	NOVEL_PSEUDOWORD
wfe_0901	train	pseudo	5	complex	NOVEL_PSEUDOWORD
wfe_0902	train	pseudo	5	complex	NOVEL_PSEUDOWORD
wfe_0903	train	pseudo	5	complex	NOVEL_PSEUDOWORD
wfe_0904	train	pseudo	5	complex	NOVEL_PSEUDOWORD
wfe_0905	train	pseudo	5	complex	NOVEL_PSEUDOWORD
wfe_0906	train	pseudo	5	complex	NOVEL_PSEUDOWORD
wfe_0907	train	pseudo	5	complex	NOVEL_PSEUDOWORD
wfe_0908	train	pseudo	5	complex	NOVEL_PSEUDOWORD
wfe_0909	train	pseudo	5	complex	NOVEL_PSEUDOWORD
wfe_0910	train	pseudo	5	complex	NOVEL_PSEUDOWORD
wfe_0911	train	pseudo	5	complex	NOVEL_PSEUDOWORD
wfe_0914	train	pseudo	5	complex	NOVEL_PSEUDOWORD
wfe_0915	train	pseudo	5	complex	NOVEL_PSEUDOWORD
wfe_0917	train	pseudo	5	complex	NOVEL_PSEUDOWORD
wfe_0920	train	pseudo	5	complex	NOVEL_PSEUDOWORD
wfe_0921	train	pseudo	5	complex	NOVEL_PSEUDOWORD
wfe_0922	train	pseudo	5	complex	NOVEL_PSEUDOWORD
wfe_0923	train	pseudo	5	complex	NOVEL_PSEUDOWORD
wfe_0924	train	pseudo	5	complex	NOVEL_PSEUDOWORD
wfe_0926	train	pseudo	5	complex	NOVEL_PSEUDOWORD
wfe_0927	train	pseudo	5	complex	NOVEL_PSEUDOWORD
wfe_0929	train	pseudo	5	complex	NOVEL_PSEUDOWORD
wfe_0930	train	pseudo	5	complex	NOVEL_PSEUDOWORD
wfe_0932	train	pseudo	5	complex	NOVEL_PSEUDOWORD
wfe_0933	train	pseudo	7	complex	NOVEL_PSEUDOWORD
wfe_0934	train	pseudo	7	complex	NOVEL_PSEUDOWORD
wfe_0935	train	pseudo	7	complex	NOVEL_PSEUDOWORD
wfe_0936	train	pseudo	7	complex	NOVEL_PSEUDOWORD
wfe_0937	train	pseudo	7	complex	NOVEL_PSEUDOWORD
wfe_0938	train	pseudo	7	complex	NOVEL_PSEUDOWORD
wfe_0939	train	pseudo	7	complex	NOVEL_PSEUDOWORD
wfe_0941	train	pseudo	7	complex	NOVEL_PSEUDOWORD
wfe_0944	train	pseudo	7	complex	NOVEL_PSEUDOWORD
wfe_0947	train	pseudo	7	complex	NOVEL_PSEUDOWORD
wfe_0948	train	pseudo	7	complex	NOVEL_PSEUDOWORD
wfe_0949	train	pseudo	7	complex	NOVEL_PSEUDOWORD
wfe_0950	train	pseudo	7	complex	NOVEL_PSEUDOWORD
wfe_0951	train	pseudo	7	complex	NOVEL_PSEUDOWORD
wfe_0953	train	pseudo	7	complex	NOVEL_PSEUDOWORD
wfe_0954	train	pseudo	7	complex	NOVEL_PSEUDOWORD
wfe_0955	train	pseudo	7	complex	NOVEL_PSEUDOWORD
wfe_0956	train	pseudo	7	complex	NOVEL_PSEUDOWORD
wfe_0957	train	pseudo	7	complex	NOVEL_PSEUDOWORD
wfe_0958	train	pseudo	7	complex	NOVEL_PSEUDOWORD
wfe_0959	train	pseudo	7	complex	NOVEL_PSEUDOWORD
wfe_0960	train	pseudo	7	complex	NOVEL_PSEUDOWORD
wfe_0961	train	pseudo	7	complex	NOVEL_PSEUDOWORD
wfe_0962	train	pseudo	7	complex	NOVEL_PSEUDOWORD
wfe_0963	train	pseudo	7	complex	NOVEL_PSEUDOWORD
wfe_0964	train	pseudo	7	complex	NOVEL_PSEUDOWORD
wfe_0965	train	pseudo	7	complex	NOVEL_PSEUDOWORD
wfe_0966	train	pseudo	8	complex	NOVEL_PSEUDOWORD
wfe_0967	train	pseudo	8	complex	NOVEL_PSEUDOWORD
wfe_0968	train	pseudo	8	complex	NOVEL_PSEUDOWORD
wfe_0969	train	pseudo	8	complex	NOVEL_PSEUDOWORD
wfe_0970	train	pseudo	8	complex	NOVEL_PSEUDOWORD
wfe_0971	train	pseudo	8	complex	NOVEL_PSEUDOWORD
wfe_0972	train	pseudo	8	complex	NOVEL_PSEUDOWORD
wfe_0973	train	pseudo	8	complex	NOVEL_PSEUDOWORD
wfe_0974	train	pseudo	8	complex	NOVEL_PSEUDOWORD
wfe_0976	train	pseudo	8	complex	NOVEL_PSEUDOWORD
wfe_0978	train	pseudo	8	complex	NOVEL_PSEUDOWORD
wfe_0979	train	pseudo	8	complex	NOVEL_PSEUDOWORD
wfe_0981	train	pseudo	8	complex	NOVEL_PSEUDOWORD
wfe_0982	train	pseudo	8	complex	NOVEL_PSEUDOWORD
wfe_0985	train	pseudo	8	complex	NOVEL_PSEUDOWORD
wfe_0987	train	pseudo	8	complex	NOVEL_PSEUDOWORD
wfe_0988	train	pseudo	8	complex	NOVEL_PSEUDOWORD
wfe_0989	train	pseudo	8	complex	NOVEL_PSEUDOWORD
wfe_0990	train	pseudo	8	complex	NOVEL_PSEUDOWORD
wfe_0991	train	pseudo	8	complex	NOVEL_PSEUDOWORD
wfe_0992	train	pseudo	8	complex	NOVEL_PSEUDOWORD
wfe_0993	train	pseudo	8	complex	NOVEL_PSEUDOWORD
wfe_0994	train	pseudo	8	complex	NOVEL_PSEUDOWORD
wfe_0995	train	pseudo	8	complex	NOVEL_PSEUDOWORD
wfe_0997	train	pseudo	8	complex	NOVEL_PSEUDOWORD
wfe_0998	train	pseudo	8	complex	NOVEL_PSEUDOWORD
wfe_0999	train	pseudo	8	complex	NOVEL_PSEUDOWORD
wfe_1000	train	pseudo	9	complex	NOVEL_PSEUDOWORD
wfe_1001	train	pseudo	9	complex	NOVEL_PSEUDOWORD
wfe_1002	train	pseudo	9	complex	NOVEL_PSEUDOWORD
wfe_1003	train	pseudo	9	complex	NOVEL_PSEUDOWORD
wfe_1004	train	pseudo	9	complex	NOVEL_PSEUDOWORD
wfe_1005	train	pseudo	9	complex	NOVEL_PSEUDOWORD
wfe_1006	train	pseudo	9	complex	NOVEL_PSEUDOWORD
wfe_1007	train	pseudo	9	complex	NOVEL_PSEUDOWORD
wfe_1010	train	pseudo	9	complex	NOVEL_PSEUDOWORD
wfe_1011	train	pseudo	9	complex	NOVEL_PSEUDOWORD
wfe_1012	train	pseudo	9	complex	NOVEL_PSEUDOWORD
wfe_1013	train	pseudo	9	complex	NOVEL_PSEUDOWORD
wfe_1014	train	pseudo	9	complex	NOVEL_PSEUDOWORD
wfe_1016	train	pseudo	9	complex	NOVEL_PSEUDOWORD
wfe_1018	train	pseudo	9	complex	NOVEL_PSEUDOWORD
wfe_1019	train	pseudo	9	complex	NOVEL_PSEUDOWORD
wfe_1020	train	pseudo	9	complex	NOVEL_PSEUDOWORD
wfe_1023	train	pseudo	9	complex	NOVEL_PSEUDOWORD
wfe_1024	train	pseudo	9	complex	NOVEL_PSEUDOWORD
wfe_1025	train	pseudo	9	complex	NOVEL_PSEUDOWORD
wfe_1027	train	pseudo	9	complex	NOVEL_PSEUDOWORD
wfe_1028	train	pseudo	9	complex	NOVEL_PSEUDOWORD
wfe_1029	train	pseudo	9	complex	NOVEL_PSEUDOWORD
wfe_1030	train	pseudo	9	complex	NOVEL_PSEUDOWORD
wfe_1031	train	pseudo	9	complex	NOVEL_PSEUDOWORD
wfe_1032	train	pseudo	9	complex	NOVEL_PSEUDOWORD
wfe_1033	train	pseudo	3	simple	NOVEL_PSEUDOWORD
wfe_1034	train	pseudo	3	simple	NOVEL_PSEUDOWORD
wfe_1036	train	pseudo	3	simple	NOVEL_PSEUDOWORD
wfe_1037	train	pseudo	3	simple	NOVEL_PSEUDOWORD
wfe_1040	train	pseudo	3	simple	NOVEL_PSEUDOWORD
wfe_1041	train	pseudo	3	simple	NOVEL_PSEUDOWORD
wfe_1043	train	pseudo	3	simple	NOVEL_PSEUDOWORD
wfe_1045	train	pseudo	3	simple	NOVEL_PSEUDOWORD
wfe_1046	train	pseudo	3	simple	NOVEL_PSEUDOWORD
wfe_1047	train	pseudo	3	simple	NOVEL_PSEUDOWORD
wfe_1048	train	pseudo	3	simple	NOVEL_PSEUDOWORD
wfe_1049	train	pseudo	3	simple	NOVEL_PSEUDOWORD
wfe_1050	train	pseudo	3	simple	NOVEL_PSEUDOWORD
wfe_1051	train	pseudo	3	simple	NOVEL_PSEUDOWORD
wfe_1053	train	pseudo	3	simple	NOVEL_PSEUDOWORD
wfe_1054	train	pseudo	3	simple	NOVEL_PSEUDOWORD
wfe_1058	train	pseudo	3	simple	NOVEL_PSEUDOWORD
wfe_1059	train	pseudo	3	simple	NOVEL_PSEUDOWORD
wfe_1060	train	pseudo	3	simple	NOVEL_PSEUDOWORD
wfe_1061	train	pseudo	3	simple	NOVEL_PSEUDOWORD
wfe_1062	train	pseudo	3	simple	NOVEL_PSEUDOWORD
wfe_1063	train	pseudo	3	simple	NOVEL_PSEUDOWORD
wfe_1064	train	pseudo	3	simple	NOVEL_PSEUDOWORD
wfe_1066	train	pseudo	4	simple	NOVEL_PSEUDOWORD
wfe_1067	train	pseudo	4	simple	NOVEL_PSEUDOWORD
wfe_1068	train	pseudo	4	simple	NOVEL_PSEUDOWORD
wfe_1069	train	pseudo	4	simple	NOVEL_PSEUDOWORD
wfe_1071	train	pseudo	4	simple	NOVEL_PSEUDOWORD
wfe_1073	train	pseudo	4	simple	NOVEL_PSEUDOWORD
wfe_1074	train	pseudo	4	simple	NOVEL_PSEUDOWORD
wfe_1076	train	pseudo	4	simple	NOVEL_PSEUDOWORD
wfe_1077	train	pseudo	4	simple	NOVEL_PSEUDOWORD
wfe_1078	train	pseudo	4	simple	NOVEL_PSEUDOWORD
wfe_1079	train	pseudo	4	simple	NOVEL_PSEUDOWORD
wfe_1080	train	pseudo	4	simple	NOVEL_PSEUDOWORD
wfe_1081	train	pseudo	4	simple	NOVEL_PSEUDOWORD
wfe_1082	train	pseudo	4	simple	NOVEL_PSEUDOWORD
wfe_1083	train	pseudo	4	simple	NOVEL_PSEUDOWORD
wfe_1084	train	pseudo	4	simple	NOVEL_PSEUDOWORD
wfe_1086	train	pseudo	4	simple	NOVEL_PSEUDOWORD
wfe_1087	train	pseudo	4	simple	NOVEL_PSEUDOWORD
wfe_1089	train	pseudo	4	simple	NOVEL_PSEUDOWORD
wfe_1091	train	pseudo	4	simple	NOVEL_PSEUDOWORD
wfe_1092	train	pseudo	4	simple	NOVEL_PSEUDOWORD
wfe_1093	train	pseudo	4	simple	NOVEL_PSEUDOWORD
wfe_1095	train	pseudo	4	simple	NOVEL_PSEUDOWORD
wfe_1097	train	pseudo	4	simple	NOVEL_PSEUDOWORD
wfe_1099	train	pseudo	4	simple	NOVEL_PSEUDOWORD
wfe_1100	train	pseudo	5	simple	NOVEL_PSEUDOWORD
wfe_1101	train	pseudo	5	simple	NOVEL_PSEUDOWORD
wfe_1103	train	pseudo	5	simple	NOVEL_PSEUDOWORD
wfe_1104	train	pseudo	5	simple	NOVEL_PSEUDOWORD
wfe_1105	train	pseudo	5	simple	NOVEL_PSEUDOWORD
wfe_1107	train	pseudo	5	simple	NOVEL_PSEUDOWORD
wfe_1108	train	pseudo	5	simple	NOVEL_PSEUDOWORD
wfe_1109	train	pseudo	5	simple	NOVEL_PSEUDOWORD
wfe_1110	train	pseudo	5	simple	NOVEL_PSEUDOWORD
wfe_1111	train	pseudo	5	simple	NOVEL_PSEUDOWORD
wfe_1112	train	pseudo	5	simple	NOVEL_PSEUDOWORD
wfe_1113	train	pseudo	5	simple	NOVEL_PSEUDOWORD
wfe_1114	train	pseudo	5	simple	NOVEL_PSEUDOWORD
wfe_1115	train	pseudo	5	simple	NOVEL_PSEUDOWORD
wfe_1116	train	pseudo	5	simple	NOVEL_PSEUDOWORD
wfe_1117	train	pseudo	5	simple	NOVEL_PSEUDOWORD
wfe_1118	train	pseudo	5	simple	NOVEL_PSEUDOWORD
wfe_1119	train	pseudo	5	simple	NOVEL_PSEUDOWORD
wfe_1121	train	pseudo	5	simple	NOVEL_PSEUDOWORD
wfe_1122	train	pseudo	5	simple	NOVEL_PSEUDOWORD
wfe_1123	train	pseudo	5	simple	NOVEL_PSEUDOWORD
wfe_1124	train	pseudo	5	simple	NOVEL_PSEUDOWORD
wfe_1125	train	pseudo	5	simple	NOVEL_PSEUDOWORD
wfe_1128	train	pseudo	5	simple	NOVEL_PSEUDOWORD
wfe_1129	train	pseudo	5	simple	NOVEL_PSEUDOWORD
wfe_1130	train	pseudo	5	simple	NOVEL_PSEUDOWORD
wfe_1131	train	pseudo	5	simple	NOVEL_PSEUDOWORD
wfe_1134	train	pseudo	7	simple	NOVEL_PSEUDOWORD
wfe_1135	train	pseudo	7	simple	NOVEL_PSEUDOWORD
wfe_1136	train	pseudo	7	simple	NOVEL_PSEUDOWORD
wfe_1137	train	pseudo	7	simple	NOVEL_PSEUDOWORD
wfe_1138	train	pseudo	7	simple	NOVEL_PSEUDOWORD
wfe_1140	train	pseudo	7	simple	NOVEL_PSEUDOWORD
wfe_1142	train	pseudo	7	simple	NOVEL_PSEUDOWORD
wfe_1143	train	pseudo	7	simple	NOVEL_PSEUDOWORD
wfe_1144	train	pseudo	7	simple	NOVEL_PSEUDOWORD
wfe_1145	train	pseudo	7	simple	NOVEL_PSEUDOWORD
wfe_1146	train	pseudo	7	simple	NOVEL_PSEUDOWORD
wfe_1147	train	pseudo	7	simple	NOVEL_PSEUDOWORD
wfe_1148	train	pseudo	7	simple	NOVEL_PSEUDOWORD
wfe_1149	train	pseudo	7	simple	NOVEL_PSEUDOWORD
wfe_1151	train	pseudo	7	simple	NOVEL_PSEUDOWORD
wfe_1152	train	pseudo	7	simple	NOVEL_PSEUDOWORD
wfe_1154	train	pseudo	7	simple	NOVEL_PSEUDOWORD
wfe_1155	train	pseudo	7	simple	NOVEL_PSEUDOWORD
wfe_1156	train	pseudo	7	simple	NOVEL_PSEUDOWORD
wfe_1157	train	pseudo	7	simple	NOVEL_PSEUDOWORD
wfe_1158	train	pseudo	7	simple	NOVEL_PSEUDOWORD
wfe_1159	train	pseudo	7	simple	NOVEL_PSEUDOWORD
wfe_1160	train	pseudo	7	simple	NOVEL_PSEUDOWORD
wfe_1161	train	pseudo	7	simple	NOVEL_PSEUDOWORD
wfe_1162	train	pseudo	7	simple	NOVEL_PSEUDOWORD
wfe_1163	train	pseudo	7	simple	NOVEL_PSEUDOWORD
wfe_1164	train	pseudo	7	simple	NOVEL_PSEUDOWORD
wfe_1165	train	pseudo	7	simple	NOVEL_PSEUDOWORD
wfe_1166	train	pseudo	8	simple	NOVEL_PSEUDOWORD
wfe_1167	train	pseudo	8	simple	NOVEL_PSEUDOWORD
wfe_1168	train	pseudo	8	simple	NOVEL_PSEUDOWORD
wfe_1169	train	pseudo	8	simple	NOVEL_PSEUDOWORD
wfe_1170	train	pseudo	8	simple	NOVEL_PSEUDOWORD
wfe_1172	train	pseudo	8	simple	NOVEL_PSEUDOWORD
wfe_1173	train	pseudo	8	simple	NOVEL_PSEUDOWORD
wfe_1175	train	pseudo	8	simple	NOVEL_PSEUDOWORD
wfe_1176	train	pseudo	8	simple	NOVEL_PSEUDOWORD
wfe_1177	train	pseudo	8	simple	NOVEL_PSEUDOWORD
wfe_1179	train	pseudo	8	simple	NOVEL_PSEUDOWORD
wfe_1180	train	pseudo	8	simple	NOVEL_PSEUDOWORD
wfe_1181	train	pseudo	8	simple	NOVEL_PSEUDOWORD
wfe_1182	train	pseudo	8	simple	NOVEL_PSEUDOWORD
wfe_1183	train	pseudo	8	simple	NOVEL_PSEUDOWORD
wfe_1184	train	pseudo	8	simple	NOVEL_PSEUDOWORD
wfe_1185	train	pseudo	8	simple	NOVEL_PSEUDOWORD
wfe_1186	train	pseudo	8	simple	NOVEL_PSEUDOWORD
wfe_1187	train	pseudo	8	simple	NOVEL_PSEUDOWORD
wfe_1188	train	pseudo	8	simple	NOVEL_PSEUDOWORD
wfe_1190	train	pseudo	8	simple	NOVEL_PSEUDOWORD
wfe_1191	train	pseudo	8	simple	NOVEL_PSEUDOWORD
wfe_1192	train	pseudo	8	simple	NOVEL_PSEUDOWORD
wfe_1193	train	pseudo	8	simple	NOVEL_PSEUDOWORD
wfe_1195	train	pseudo	8	simple	NOVEL_PSEUDOWORD
wfe_1196	train	pseudo	8	simple	NOVEL_PSEUDOWORD
wfe_1197	train	pseudo	8	simple	NOVEL_PSEUDOWORD
