analysis	regime	outcome	estimate	uncertainty	seed_consistency	classification	limitation	source_table	source_figure
A05 length slope	LICHTHEIM_CLEAN / adapted	raw_edit_distance ~ phoneme length, LTM, pseudowords	0.197 to 0.256 per phoneme	per-seed values; slope positive in all 4 seeds	4/4 same sign	ROBUST	clean-set lexicality is confounded with exposure	reports/behavioral_wfe_fulllexicon_93a577f/figures/clean_length_slopes_by_seed.tsv	F2
A05 primary contrast	LICHTHEIM_CLEAN / adapted	LTM minus WM length slope, pseudowords	+0.246, +0.183, +0.184, +0.205	per-seed values; positive in all 4 seeds	4/4 same sign	ROBUST	not a mechanism; route is a design factor	reports/behavioral_wfe_fulllexicon_93a577f/figures/clean_route_length_contrasts.tsv	F2
A05 trained-real routes	LICHTHEIM_CLEAN / adapted	FULL and WM length slope, trained real words	exactly 0.000	structural zero, not an estimate	4/4 exact zero	CEILING_LIMITED	zero errors on every item; no absence of length information may be inferred	reports/behavioral_wfe_fulllexicon_93a577f/figures/clean_length_slopes_by_seed.tsv	F1
A05 trained-real LTM	LICHTHEIM_CLEAN / adapted	LTM length slope, trained real words	0.0007 to 0.0177 per phoneme	per-seed values	4/4 positive but very small	CONSISTENT_BUT_SMALL	near floor; an order of magnitude below the pseudoword slope	reports/behavioral_wfe_fulllexicon_93a577f/figures/clean_length_slopes_by_seed.tsv	F1
A08 exposure	ALL_WITH_EXPOSURE_STRATA / adapted	LTM mean edit distance by exposure status	untrained real 0.549; novel pseudo 0.601; trained real 0.024	descriptive means over seeds	consistent ordering in all 4 seeds	ROBUST	descriptive; three strata have n<=7 and are excluded from any claim	reports/behavioral_wfe_fulllexicon_93a577f/error_taxonomy/strata/tables/exposure_error_taxonomy.tsv	S12
A06 serial position	LICHTHEIM_CLEAN / adapted	positional error rate by relative position	LTM pseudowords rise strongly at late positions	pooled over seeds; no interval by design	pooled	DESCRIPTIVE_ONLY	zip-mismatch positions, no alignment	reports/behavioral_wfe_fulllexicon_93a577f/figures/yair_clean_serial_position_interpolated.tsv	F3
A12 morphology	LICHTHEIM_CLEAN / adapted	morphology contrast and morphology x length	no contrast distinguishable from zero	every 95% hierarchical bootstrap interval spans zero	signs vary across seeds	NON_ESTIMABLE	not evidence that morphology is absent from internal representations	reports/behavioral_wfe_fulllexicon_93a577f/morphology/clean_adapted/tables/clean_morphology_bootstrap.tsv	S6
A14 frequency	TRAINED_REAL_FREQUENCY_PRIMARY / adapted	Zipf slope of edit distance, LTM	-0.0130	95% hierarchical bootstrap [-0.0288, -0.0027]	4/4 negative	CONSISTENT_BUT_SMALL	sparse errors; FULL and WM are ALL_ZERO_OUTCOME by ceiling	reports/behavioral_wfe_fulllexicon_93a577f/frequency/primary/tables/trained_real_frequency_bootstrap.tsv	F6
A14 confidence and gate	TRAINED_REAL_FREQUENCY_PRIMARY / adapted	Zipf slope of lexical confidence and of the gate	confidence +0.0914; gate +0.0450	95% hierarchical bootstrap	4/4 positive	DESCRIPTIVE_ONLY	the gate is a deterministic monotonic transform of confidence: linked outcomes, not independent evidence	reports/behavioral_wfe_fulllexicon_93a577f/frequency/gate_confidence/tables/frequency_confidence_gate_bootstrap.tsv	S10
A17 error taxonomy	LICHTHEIM_CLEAN / adapted	mean operations per item, LTM long pseudowords	subs 0.574; dels 0.245; ins 0.140	95% hierarchical bootstrap; subs [0.276, 0.411] overall	Long > Short with non-overlapping seed ranges	ROBUST	editops tie-breaking moves counts between types; terminal insertions unobservable	reports/behavioral_wfe_fulllexicon_93a577f/error_taxonomy/clean/tables/clean_error_taxonomy_summary.tsv	F4
A17 route contrast	LICHTHEIM_CLEAN / adapted	LTM minus WM total operations, pseudowords	+0.532 per item	range over seeds [0.491, 0.586]	4/4 positive	ROBUST	FULL minus WM changes sign across seeds and is sparse-error limited	reports/behavioral_wfe_fulllexicon_93a577f/error_taxonomy/clean/tables/clean_error_taxonomy_route_contrasts_summary.tsv	F4
A18 premature EOS	LICHTHEIM_CLEAN / adapted	observed premature-EOS events	87 total: LTM 82, FULL 3, WM 2; 0 on trained real words	counts; per-seed 26/14/24/18 for LTM	4/4 concentrated in LTM pseudowords	ROBUST	ON_TIME and LATE EOS structurally unobservable; EOS_NOT_OBSERVED ambiguous	reports/behavioral_wfe_fulllexicon_93a577f/error_taxonomy/eos/tables/premature_eos_by_seed_route.tsv	F5
A18 EOS length slope	LICHTHEIM_CLEAN / adapted	linear-probability slope of premature EOS on length, LTM	+0.0177 to +0.0356 per phoneme	per-seed; model_status OK in all 4	4/4 positive	ROBUST	descriptive, not causal; FULL and WM are SPARSE_EOS_LIMITED	reports/behavioral_wfe_fulllexicon_93a577f/error_taxonomy/eos/tables/premature_eos_length_slopes.tsv	F5
A18 EOS coverage	LICHTHEIM_CLEAN / adapted	share of erroneous LTM pseudoword items with an observed early stop	82 of 365 erroneous items (~22%); 107 of 189 deletion-bearing items have none	counts pooled over seeds	consistent	SPARSE_EOS_LIMITED	premature EOS is not a complete explanation of the error pattern	reports/behavioral_wfe_fulllexicon_93a577f/error_taxonomy/eos/tables/premature_eos_deletion_overlap.tsv	F5
A15 adapted FI	LICHTHEIM_CLEAN / adapted	grouped permutation importance, held-out R2 drop	route 0.0842; lexicality/exposure 0.0777; length 0.0473; morphology 0.0009	within-seed permutation SD ~0.015; seed-resampling interval over four checkpoints	length rank 3 and morphology rank 4 in 4/4	CONSISTENT_BUT_SMALL	route vs lexicality/exposure ordering unresolved (gap 0.0064 < within-seed SD)	reports/behavioral_wfe_fulllexicon_93a577f/feature_importance/clean_joint/tables/clean_main_factor_importance.tsv	F7
A15 route-specific FI	LICHTHEIM_CLEAN / adapted	route-specific factor importance	LTM only: lexicality/exposure 0.225 > length 0.124 > morphology 0.002	per-seed with within-seed SD	4/4 same ordering in LTM	CEILING_LIMITED	FULL and WM are INSUFFICIENT_ERRORS or NON_ESTIMABLE and are labelled, never zeroed	reports/behavioral_wfe_fulllexicon_93a577f/feature_importance/route_specific/tables/route_specific_factor_importance.tsv	S8
A11 faithful FI	FAITHFUL_WFE_ALL / faithful	permutation importance, original Dager features	length 0.0299/0.0027/0.0255/0.0017; lexicality and morphology near zero	per-seed; historical convention	length leads in 4/4	DESCRIPTIVE_ONLY	source labels are not exposure; never pooled with the adapted A15	outputs/behavioral_wfe_fulllexicon_93a577f/behavioral_analysis/faithful_replication/faithful_figure2B_feature_importance.tsv	S3
A19 SSP / sonority	SSP dataset / faithful	not computed	n/a	n/a	n/a	OPTIONAL_DEFERRED	deferred since the protocol freeze; different stimulus set and different question		
